evaluated_at,suite,benchmark_run,report,run_id,epoch,optimizer_steps,examples_seen,total,functional_correct,functional_accuracy,usable,exact_match,format_ok,syntax_ok,validation_loss,model,model_revision,adapter_sha256,dataset_sha256,suite_sha256,generation_suite_sha256,suite_hash_match,evaluator_sha256,image_id,predictions_sha256
2026-10-01T12:23:49.605702+02:00,shellbench-v1,base-functional-baseline,reports/base-functional-baseline/evaluation.json,base-functional-baseline,0,0,0,112,30,0.26785714285714285,30,14,111,108,,Qwen/Qwen3-0.6B-Base,da87bfb608c14b7cf20ba1ce41287e8de496c0cd,,,0b0ad3c730398c7473e0f40e99ee1588e497c1cbf1c3df1c906466177240240c,aa867729a65a12a8c7f2bf2d23aed178f81d7d0ae33bcda16f3b995c5955315e,False,402f9332da33e31f84e0c6701adb34259fe523aa756bb2fb285e0014a2d7c1e8,sha256:28cc6efb132879ecfe15816d5c9367c4c604ab293ec96a5edaa054aa5689c81c,59ae0542394267d4d0f51c5407c3d689dcdde26ef27608680e713a5c66151d5b
2026-10-01T13:03:14.482814+02:00,shellbench-v1,2026-10-01-lora-pilot-v1,reports/2026-10-01-lora-pilot-v1/evaluations/baseline/evaluation.json,2026-10-01-lora-pilot-v1,0,0,0,112,30,0.26785714285714285,30,14,111,108,,Qwen/Qwen3-0.6B-Base,da87bfb608c14b7cf20ba1ce41287e8de496c0cd,,,0b0ad3c730398c7473e0f40e99ee1588e497c1cbf1c3df1c906466177240240c,aa867729a65a12a8c7f2bf2d23aed178f81d7d0ae33bcda16f3b995c5955315e,False,474524c61c6dd64fe2dd88fa7c081e32be028a0cef0bf077b7a62b65ebdd78a7,sha256:742a972b8bdcd4abe43e072432a29d576cfef6c8f9401aac43b3b62ce69a0bfd,59ae0542394267d4d0f51c5407c3d689dcdde26ef27608680e713a5c66151d5b
2026-10-01T13:18:10.765880+02:00,shellbench-v1,2026-10-01-lora-pilot-v1,reports/2026-10-01-lora-pilot-v1/evaluations/epoch-1/evaluation.json,2026-10-01-lora-pilot-v1,1,63,1008,112,78,0.6964285714285714,78,62,112,112,0.007686159257934411,Qwen/Qwen3-0.6B-Base,da87bfb608c14b7cf20ba1ce41287e8de496c0cd,c542734f0bf4a7cbb717d71264bbe49d2a7aa2543fa9093f2bb4a9be705191f5,57653a7992e7186acbf7e6a25c496a85e335b30915dd823a2cb681ef5a5f1594,0b0ad3c730398c7473e0f40e99ee1588e497c1cbf1c3df1c906466177240240c,0b0ad3c730398c7473e0f40e99ee1588e497c1cbf1c3df1c906466177240240c,True,474524c61c6dd64fe2dd88fa7c081e32be028a0cef0bf077b7a62b65ebdd78a7,sha256:742a972b8bdcd4abe43e072432a29d576cfef6c8f9401aac43b3b62ce69a0bfd,110789dae076099e1fd7e6f99e9491fa2fe04d6eb208ba03d4552bef51c6762c
2026-10-01T13:21:26.946210+02:00,shellbench-v1,2026-10-01-lora-pilot-v1,reports/2026-10-01-lora-pilot-v1/evaluations/epoch-2/evaluation.json,2026-10-01-lora-pilot-v1,2,126,2016,112,89,0.7946428571428571,89,59,112,112,0.007499350007185933,Qwen/Qwen3-0.6B-Base,da87bfb608c14b7cf20ba1ce41287e8de496c0cd,4c80abaae292cde1ecc3fe584d21401fcd63cf9df7acce9b68e588c4a7cffe22,57653a7992e7186acbf7e6a25c496a85e335b30915dd823a2cb681ef5a5f1594,0b0ad3c730398c7473e0f40e99ee1588e497c1cbf1c3df1c906466177240240c,0b0ad3c730398c7473e0f40e99ee1588e497c1cbf1c3df1c906466177240240c,True,474524c61c6dd64fe2dd88fa7c081e32be028a0cef0bf077b7a62b65ebdd78a7,sha256:742a972b8bdcd4abe43e072432a29d576cfef6c8f9401aac43b3b62ce69a0bfd,795faabc8cd02ad6ff59b7699a7c46e87029e35233f1832946b189045dc3544d
2026-10-01T13:24:42.693863+02:00,shellbench-v1,2026-10-01-lora-pilot-v1,reports/2026-10-01-lora-pilot-v1/evaluations/epoch-3/evaluation.json,2026-10-01-lora-pilot-v1,3,189,3024,112,90,0.8035714285714286,90,60,112,112,0.00727518623129476,Qwen/Qwen3-0.6B-Base,da87bfb608c14b7cf20ba1ce41287e8de496c0cd,bb032f9c26f9d7cc0f82a55ba768ad19594cca9cb6738e08737c7bf143178968,57653a7992e7186acbf7e6a25c496a85e335b30915dd823a2cb681ef5a5f1594,0b0ad3c730398c7473e0f40e99ee1588e497c1cbf1c3df1c906466177240240c,0b0ad3c730398c7473e0f40e99ee1588e497c1cbf1c3df1c906466177240240c,True,474524c61c6dd64fe2dd88fa7c081e32be028a0cef0bf077b7a62b65ebdd78a7,sha256:742a972b8bdcd4abe43e072432a29d576cfef6c8f9401aac43b3b62ce69a0bfd,39b8ba79a140344039c5d0a96ad592c3aba672b14fa0099d24b279f9d4027d5d
2026-10-02T17:37:43.659107+02:00,shellbench-extra-v1,2026-10-02-shellbench-extra-v1,reports/2026-10-02-shellbench-extra-v1/baseline/evaluation.json,baseline,0,0,0,300,20,0.06666666666666667,17,10,265,281,,Qwen/Qwen3-0.6B-Base,da87bfb608c14b7cf20ba1ce41287e8de496c0cd,,,ccdaa672f1112f9793f0f761ad980f22f6f591100c9bc3c11285b3ce26f8f7e4,ccdaa672f1112f9793f0f761ad980f22f6f591100c9bc3c11285b3ce26f8f7e4,True,1f64b3b8c40dda4f0a8087429cf3f03e2ab937be477ec5c7d7d072214b415efb,sha256:6801c80f08ef26dee8d2fe18048f95d33da523ec06965730f5f071f44b56b56b,9fa5f9ab86298f00f77b7f302be228cfb6fc2024d2c194ebb8b991cd57531455
2026-10-02T17:40:24.698610+02:00,shellbench-extra-v1,2026-10-02-shellbench-extra-v1,reports/2026-10-02-shellbench-extra-v1/epoch-1/evaluation.json,2026-10-01-lora-pilot-v1,1,63,1008,300,51,0.17,51,27,300,286,0.007686159257934411,Qwen/Qwen3-0.6B-Base,da87bfb608c14b7cf20ba1ce41287e8de496c0cd,c542734f0bf4a7cbb717d71264bbe49d2a7aa2543fa9093f2bb4a9be705191f5,57653a7992e7186acbf7e6a25c496a85e335b30915dd823a2cb681ef5a5f1594,ccdaa672f1112f9793f0f761ad980f22f6f591100c9bc3c11285b3ce26f8f7e4,ccdaa672f1112f9793f0f761ad980f22f6f591100c9bc3c11285b3ce26f8f7e4,True,1f64b3b8c40dda4f0a8087429cf3f03e2ab937be477ec5c7d7d072214b415efb,sha256:6801c80f08ef26dee8d2fe18048f95d33da523ec06965730f5f071f44b56b56b,5e0e24cba307eeee8358e789a48eed9c4d9659451862c6a0f8a4a473a0813eb6
2026-10-02T17:42:08.435985+02:00,shellbench-extra-v1,2026-10-02-shellbench-extra-v1,reports/2026-10-02-shellbench-extra-v1/epoch-2/evaluation.json,2026-10-01-lora-pilot-v1,2,126,2016,300,64,0.21333333333333335,64,35,300,287,0.007499350007185933,Qwen/Qwen3-0.6B-Base,da87bfb608c14b7cf20ba1ce41287e8de496c0cd,4c80abaae292cde1ecc3fe584d21401fcd63cf9df7acce9b68e588c4a7cffe22,57653a7992e7186acbf7e6a25c496a85e335b30915dd823a2cb681ef5a5f1594,ccdaa672f1112f9793f0f761ad980f22f6f591100c9bc3c11285b3ce26f8f7e4,ccdaa672f1112f9793f0f761ad980f22f6f591100c9bc3c11285b3ce26f8f7e4,True,1f64b3b8c40dda4f0a8087429cf3f03e2ab937be477ec5c7d7d072214b415efb,sha256:6801c80f08ef26dee8d2fe18048f95d33da523ec06965730f5f071f44b56b56b,076e764b412a63937ab758bd0e71437b5382dca092639d1c737d69d73ef4d122
2026-10-02T17:45:38.110425+02:00,shellbench-extra-v1,2026-10-02-shellbench-extra-v1,reports/2026-10-02-shellbench-extra-v1/epoch-3/evaluation.json,2026-10-01-lora-pilot-v1,3,189,3024,300,65,0.21666666666666667,65,35,300,287,0.00727518623129476,Qwen/Qwen3-0.6B-Base,da87bfb608c14b7cf20ba1ce41287e8de496c0cd,bb032f9c26f9d7cc0f82a55ba768ad19594cca9cb6738e08737c7bf143178968,57653a7992e7186acbf7e6a25c496a85e335b30915dd823a2cb681ef5a5f1594,ccdaa672f1112f9793f0f761ad980f22f6f591100c9bc3c11285b3ce26f8f7e4,ccdaa672f1112f9793f0f761ad980f22f6f591100c9bc3c11285b3ce26f8f7e4,True,1f64b3b8c40dda4f0a8087429cf3f03e2ab937be477ec5c7d7d072214b415efb,sha256:6801c80f08ef26dee8d2fe18048f95d33da523ec06965730f5f071f44b56b56b,c7a5bedd9ef0220c96b7bd761556b63b0cf9c29fcf40c59db902cb807bbedf01
